,fragment_name,label
0,fragment_1679475140736,0
1,fragment_1679475140798,0
2,fragment_1679475140824,0
3,fragment_1679475140849,0
4,fragment_1679475140874,0
5,fragment_1679475140899,0
6,fragment_1679475140923,0
7,fragment_1679475140948,0
8,fragment_1679475140976,0
9,fragment_1679475141003,0
10,fragment_1679475141036,0
11,fragment_1679475141063,0
12,fragment_1679475141086,0
13,fragment_1679475141109,0
14,fragment_1679475141133,0
15,fragment_1679475141157,0
16,fragment_1679475141182,0
17,fragment_1679475141208,0
18,fragment_1679475141234,0
19,fragment_1679475141260,0
20,fragment_1679475141285,0
21,fragment_1679475141311,0
22,fragment_1679475141335,0
23,fragment_1679475142249,0
24,fragment_1679475142306,0
25,fragment_1679475142329,0
26,fragment_1679475142350,0
27,fragment_1679475142410,0
28,fragment_1679475142439,0
29,fragment_1679475142466,0
30,fragment_1679475142492,0
31,fragment_1679475142519,0
32,fragment_1679475142543,0
33,fragment_1679475142567,0
34,fragment_1679475142591,0
35,fragment_1679475142614,0
36,fragment_1679475142643,0
37,fragment_1679475142668,0
38,fragment_1679475142694,0
39,fragment_1679475142720,0
40,fragment_1679475142745,0
41,fragment_1679475142769,0
42,fragment_1679475142793,0
43,fragment_1679475142817,0
44,fragment_1679475142845,0
45,fragment_1679475142872,0
46,fragment_1679475142898,0
47,fragment_1679475142923,0
48,fragment_1679475142949,0
49,fragment_1679475144711,0
50,fragment_1679475144743,0
51,fragment_1679475144768,0
52,fragment_1679475144792,0
53,fragment_1679475144817,0
54,fragment_1679475144843,0
55,fragment_1679475144870,0
56,fragment_1679475144898,0
57,fragment_1679475144927,0
58,fragment_1679475144958,0
59,fragment_1679475144986,0
60,fragment_1679475145011,0
61,fragment_1679475145036,0
62,fragment_1679475145061,0
64,fragment_1679475145202,0
65,fragment_1679475145227,0
66,fragment_1679475145250,0
67,fragment_1679475145274,0
68,fragment_1679475145299,0
69,fragment_1679475145325,0
70,fragment_1679475145353,0
71,fragment_1679475145380,0
72,fragment_1679475145407,0
73,fragment_1679475145431,0
74,fragment_1679475145455,0
75,fragment_1679475145478,0
76,fragment_1679475145501,0
77,fragment_1679475145526,0
78,fragment_1679475145551,0
79,fragment_1679475145577,0
80,fragment_1679475145604,0
81,fragment_1679475145630,0
82,fragment_1679475145654,0
83,fragment_1679475145678,0
84,fragment_1679475145704,0
85,fragment_1679475145726,0
86,fragment_1679475145751,0
87,fragment_1679475145776,0
88,fragment_1679475145802,0
89,fragment_1679475145827,0
90,fragment_1679475147076,0
91,fragment_1679475147183,0
92,fragment_1679475147209,0
93,fragment_1679475147236,0
94,fragment_1679475147264,0
95,fragment_1679475147291,0
96,fragment_1679475147317,0
97,fragment_1679475147341,0
98,fragment_1679475147365,0
99,fragment_1679475147391,0
100,fragment_1679475147415,0
101,fragment_1679475147445,0
102,fragment_1679475147474,0
103,fragment_1679475147500,0
104,fragment_1679475147527,0
105,fragment_1679475147553,0
106,fragment_1679475147576,0
107,fragment_1679475147602,0
108,fragment_1679475147628,0
109,fragment_1679475147654,0
110,fragment_1679475147680,0
111,fragment_1679475147708,0
112,fragment_1679475147735,0
113,fragment_1679475147760,0
114,fragment_1679475147785,0
115,fragment_1679475147810,0
116,fragment_1679475147973,0
117,fragment_1679475148155,0
118,fragment_1679475148180,0
119,fragment_1679475149784,1
120,fragment_1679475149811,1
121,fragment_1679475149838,1
122,fragment_1679475149863,1
123,fragment_1679475149886,1
124,fragment_1679475149914,1
125,fragment_1679475149942,1
126,fragment_1679475149973,1
127,fragment_1679475150001,1
128,fragment_1679475150029,1
129,fragment_1679475150053,1
130,fragment_1679475150079,1
131,fragment_1679475150104,1
132,fragment_1679475150131,1
133,fragment_1679475150159,1
134,fragment_1679475150186,1
135,fragment_1679475150215,1
136,fragment_1679475150243,1
137,fragment_1679475150268,1
138,fragment_1679475150294,1
139,fragment_1679475150320,1
140,fragment_1679475150347,1
141,fragment_1679475150372,1
142,fragment_1679475150400,1
143,fragment_1679475150427,1
144,fragment_1679475150453,1
145,fragment_1679475150479,1
146,fragment_1679475150504,1
147,fragment_1679475150532,1
148,fragment_1679475150573,1
149,fragment_1679475150716,1
150,fragment_1679475150858,1
151,fragment_1679475150969,1
152,fragment_1679475150990,1
153,fragment_1679475151012,1
154,fragment_1679475151034,1
155,fragment_1679475151055,1
156,fragment_1679475151082,1
157,fragment_1679475151108,1
158,fragment_1679475152531,1
159,fragment_1679475152555,1
160,fragment_1679475152579,1
161,fragment_1679475152602,1
162,fragment_1679475152625,1
163,fragment_1679475152654,1
164,fragment_1679475152683,1
165,fragment_1679475152712,1
166,fragment_1679475152740,1
167,fragment_1679475152763,1
168,fragment_1679475152785,1
169,fragment_1679475152807,1
170,fragment_1679475152829,1
171,fragment_1679475152851,1
172,fragment_1679475152881,1
173,fragment_1679475152910,1
174,fragment_1679475152936,1
175,fragment_1679475152964,1
176,fragment_1679475152988,1
177,fragment_1679475153018,1
178,fragment_1679475153043,1
179,fragment_1679475153067,1
180,fragment_1679475153093,1
181,fragment_1679475153120,1
182,fragment_1679475153146,1
183,fragment_1679475153176,1
184,fragment_1679475153205,1
185,fragment_1679475153229,1
186,fragment_1679475153252,1
187,fragment_1679475153276,1
188,fragment_1679475153453,1
189,fragment_1679475153620,1
190,fragment_1679475153730,1
191,fragment_1679475155703,1
192,fragment_1679475155730,1
193,fragment_1679475155755,1
194,fragment_1679475155779,1
195,fragment_1679475155804,1
196,fragment_1679475155832,1
197,fragment_1679475155859,1
198,fragment_1679475155887,1
199,fragment_1679475155914,1
200,fragment_1679475155943,1
201,fragment_1679475155977,1
202,fragment_1679475156052,1
203,fragment_1679475156078,1
204,fragment_1679475156106,1
205,fragment_1679475156132,1
206,fragment_1679475156158,1
207,fragment_1679475156184,1
208,fragment_1679475156210,1
209,fragment_1679475156236,1
210,fragment_1679475156268,1
211,fragment_1679475156303,1
212,fragment_1679475156340,1
213,fragment_1679475156375,1
214,fragment_1679475156408,1
215,fragment_1679475156442,1
216,fragment_1679475156477,1
217,fragment_1679475156510,1
218,fragment_1679475156545,1
219,fragment_1679475156580,1
220,fragment_1679475156616,1
221,fragment_1679475156648,1
222,fragment_1679475156680,1
223,fragment_1679475156706,1
224,fragment_1679475156733,1
225,fragment_1679475156760,1
226,fragment_1679475156788,1
227,fragment_1679475156816,1
228,fragment_1679475156848,1
229,fragment_1679475156880,1
230,fragment_1679475156913,1
231,fragment_1679475156948,1
232,fragment_1679475156988,1
233,fragment_1679475157035,1
234,fragment_1679475157081,1
235,fragment_1679475157121,1
236,fragment_1679475157150,1
237,fragment_1679475157178,1
238,fragment_1679475157206,1
239,fragment_1679475157234,1
240,fragment_1679475157262,1
241,fragment_1679475157452,1
242,fragment_1679475159266,1
243,fragment_1679475159296,1
244,fragment_1679475159319,1
245,fragment_1679475159344,1
246,fragment_1679475159379,1
247,fragment_1679475159406,1
248,fragment_1679475159433,1
249,fragment_1679475159460,1
250,fragment_1679475159486,1
251,fragment_1679475159512,1
252,fragment_1679475159540,1
253,fragment_1679475159568,1
254,fragment_1679475159595,1
255,fragment_1679475159623,1
256,fragment_1679475159650,1
257,fragment_1679475159679,1
258,fragment_1679475159708,1
259,fragment_1679475159739,1
260,fragment_1679475159771,1
261,fragment_1679475159804,1
262,fragment_1679475159835,1
263,fragment_1679475159867,1
264,fragment_1679475159899,1
265,fragment_1679475159933,1
266,fragment_1679475159964,1
267,fragment_1679475160082,1
268,fragment_1679475160146,1
269,fragment_1679475160176,1
270,fragment_1679475160208,1
271,fragment_1679475160240,1
272,fragment_1679475160271,1
273,fragment_1679475160305,1
274,fragment_1679475160340,1
275,fragment_1679475160374,1
276,fragment_1679475160408,1
277,fragment_1679475160442,1
278,fragment_1679475160477,1
279,fragment_1679475160512,1
280,fragment_1679475162729,1
281,fragment_1679475162779,1
282,fragment_1679475162810,1
283,fragment_1679475162838,1
284,fragment_1679475162869,1
285,fragment_1679475162904,1
286,fragment_1679475162938,1
287,fragment_1679475162972,1
288,fragment_1679475163006,1
289,fragment_1679475163042,1
290,fragment_1679475163076,1
291,fragment_1679475163111,1
292,fragment_1679475163145,1
293,fragment_1679475163179,1
294,fragment_1679475163213,1
295,fragment_1679475163249,1
296,fragment_1679475163283,1
297,fragment_1679475163318,1
298,fragment_1679475163352,1
299,fragment_1679475163388,1
300,fragment_1679475163423,1
301,fragment_1679475163458,1
302,fragment_1679475163493,1
303,fragment_1679475163528,1
304,fragment_1679475163563,1
305,fragment_1679475163599,1
306,fragment_1679475163634,1
307,fragment_1679475163670,1
308,fragment_1679475163708,1
309,fragment_1679475163745,1
310,fragment_1679475163780,1
311,fragment_1679475163814,1
312,fragment_1679475163841,1
313,fragment_1679475163867,1
314,fragment_1679475163894,1
315,fragment_1679475163922,1
316,fragment_1679475163954,1
317,fragment_1679475164153,1
318,fragment_1679475164342,1
319,fragment_1679475164535,1
320,fragment_1679475164582,1
321,fragment_1679475164606,1
322,fragment_1679475164633,1
323,fragment_1679475164662,1
324,fragment_1679475164688,1
325,fragment_1679475164715,1
326,fragment_1679475166103,1
327,fragment_1679475166133,1
328,fragment_1679475166161,1
329,fragment_1679475166195,1
330,fragment_1679475166229,1
331,fragment_1679475166267,1
332,fragment_1679475166302,1
333,fragment_1679475166336,1
334,fragment_1679475166369,1
335,fragment_1679475166404,1
336,fragment_1679475166439,1
337,fragment_1679475166474,1
338,fragment_1679475166509,1
339,fragment_1679475166543,1
340,fragment_1679475166578,1
341,fragment_1679475166612,1
342,fragment_1679475166643,1
343,fragment_1679475166678,1
344,fragment_1679475166768,1
345,fragment_1679475166790,1
346,fragment_1679475166813,1
347,fragment_1679475166839,1
348,fragment_1679475166867,1
349,fragment_1679475166893,1
350,fragment_1679475166921,1
351,fragment_1679475166947,1
352,fragment_1679475166974,1
353,fragment_1679475167000,1
354,fragment_1679475167029,1
355,fragment_1679475167064,1
356,fragment_1679475167099,1
357,fragment_1679475167134,1
358,fragment_1679475167167,1
359,fragment_1679475168751,0
360,fragment_1679475168782,0
361,fragment_1679475168807,0
362,fragment_1679475168836,0
363,fragment_1679475168870,0
364,fragment_1679475168899,0
365,fragment_1679475168927,0
366,fragment_1679475168962,0
367,fragment_1679475168996,0
368,fragment_1679475169032,0
369,fragment_1679475169068,0
370,fragment_1679475169102,0
371,fragment_1679475169137,0
372,fragment_1679475169173,0
373,fragment_1679475169207,0
374,fragment_1679475169240,0
375,fragment_1679475169275,0
376,fragment_1679475169308,0
377,fragment_1679475169342,0
378,fragment_1679475169377,0
379,fragment_1679475169509,0
380,fragment_1679475169693,0
381,fragment_1679475169875,0
382,fragment_1679475170030,0
383,fragment_1679475170061,0
384,fragment_1679475170097,0
385,fragment_1679475170132,0
386,fragment_1679475170167,0
387,fragment_1679475170201,0
388,fragment_1679475170236,0
389,fragment_1679475170270,0
390,fragment_1679475170306,0
391,fragment_1679475170339,0
392,fragment_1679475170374,0
393,fragment_1679475170414,0
394,fragment_1679475170447,0
395,fragment_1679475170472,0
396,fragment_1679475170495,0
397,fragment_1679475170520,0
398,fragment_1679475170545,0
399,fragment_1679475170570,0
400,fragment_1679475171984,0
401,fragment_1679475172016,0
402,fragment_1679475172051,0
403,fragment_1679475172085,0
404,fragment_1679475172120,0
405,fragment_1679475172187,0
406,fragment_1679475172217,0
407,fragment_1679475172254,0
408,fragment_1679475172294,0
409,fragment_1679475172335,0
410,fragment_1679475172376,0
411,fragment_1679475172417,0
412,fragment_1679475172456,0
413,fragment_1679475172497,0
414,fragment_1679475172541,0
415,fragment_1679475172587,0
416,fragment_1679475172626,0
417,fragment_1679475172667,0
418,fragment_1679475172707,0
419,fragment_1679475172749,0
420,fragment_1679475172790,0
421,fragment_1679475172830,0
422,fragment_1679475172870,0
423,fragment_1679475172912,0
424,fragment_1679475172954,0
425,fragment_1679475172995,0
426,fragment_1679475173035,0
427,fragment_1679475173064,0
428,fragment_1679475173089,0
429,fragment_1679475173117,0
430,fragment_1679475173143,0
431,fragment_1679475173169,0
0,fragment_1679031106720,1
1,fragment_1679031106785,1
2,fragment_1679031106805,1
3,fragment_1679031106823,1
4,fragment_1679031106842,1
5,fragment_1679031106862,1
6,fragment_1679031106881,1
7,fragment_1679031106900,1
8,fragment_1679031106920,1
9,fragment_1679031106942,1
10,fragment_1679031106964,1
11,fragment_1679031106986,1
12,fragment_1679031107009,1
13,fragment_1679031107031,1
14,fragment_1679031107050,1
15,fragment_1679031107069,1
16,fragment_1679031107089,1
17,fragment_1679031107109,1
18,fragment_1679031107127,1
19,fragment_1679031107148,1
20,fragment_1679031108026,1
21,fragment_1679031108082,1
22,fragment_1679031108103,1
23,fragment_1679031108121,1
24,fragment_1679031108140,1
25,fragment_1679031108160,1
26,fragment_1679031108178,1
27,fragment_1679031108199,1
28,fragment_1679031108220,1
29,fragment_1679031108242,1
30,fragment_1679031108263,1
31,fragment_1679031108285,1
32,fragment_1679031108307,1
33,fragment_1679031108327,1
34,fragment_1679031108346,1
35,fragment_1679031108364,1
36,fragment_1679031108382,1
37,fragment_1679031108400,1
38,fragment_1679031108421,1
39,fragment_1679031108442,1
40,fragment_1679031108463,1
41,fragment_1679031108486,1
42,fragment_1679031108508,1
43,fragment_1679031108528,1
44,fragment_1679031108546,1
45,fragment_1679031108564,1
46,fragment_1679031108585,1
47,fragment_1679031108606,1
48,fragment_1679031110390,1
49,fragment_1679031110420,1
50,fragment_1679031110443,1
51,fragment_1679031110462,1
52,fragment_1679031110481,1
53,fragment_1679031110501,1
54,fragment_1679031110520,1
55,fragment_1679031110540,1
56,fragment_1679031110562,1
57,fragment_1679031110584,1
58,fragment_1679031110605,1
59,fragment_1679031110627,1
60,fragment_1679031110648,1
61,fragment_1679031110669,1
62,fragment_1679031110689,1
63,fragment_1679031110709,1
64,fragment_1679031110727,1
65,fragment_1679031110747,1
66,fragment_1679031110767,1
67,fragment_1679031110790,1
68,fragment_1679031110812,1
69,fragment_1679031110835,1
70,fragment_1679031110859,1
71,fragment_1679031110881,1
72,fragment_1679031110901,1
73,fragment_1679031110920,1
74,fragment_1679031110940,1
75,fragment_1679031110960,1
76,fragment_1679031110979,1
77,fragment_1679031111003,1
78,fragment_1679031111024,1
79,fragment_1679031111046,1
80,fragment_1679031111067,1
81,fragment_1679031111088,1
82,fragment_1679031111108,1
83,fragment_1679031111130,1
84,fragment_1679031111150,1
85,fragment_1679031111170,1
86,fragment_1679031111192,1
87,fragment_1679031111215,1
88,fragment_1679031111235,1
89,fragment_1679031111258,1
90,fragment_1679031111280,1
91,fragment_1679031111299,1
92,fragment_1679031111317,1
93,fragment_1679031111337,1
94,fragment_1679031111355,1
95,fragment_1679031111374,1
96,fragment_1679031111394,1
97,fragment_1679031111417,1
98,fragment_1679031111441,1
99,fragment_1679031111463,1
100,fragment_1679031111485,1
101,fragment_1679031111508,1
102,fragment_1679031111527,1
103,fragment_1679031111546,1
104,fragment_1679031112990,1
105,fragment_1679031113010,1
106,fragment_1679031113030,1
107,fragment_1679031113054,1
108,fragment_1679031113074,1
109,fragment_1679031113093,1
110,fragment_1679031113116,1
111,fragment_1679031113138,1
112,fragment_1679031113159,1
113,fragment_1679031113181,1
114,fragment_1679031113202,1
115,fragment_1679031113223,1
116,fragment_1679031113243,1
117,fragment_1679031113263,1
118,fragment_1679031113282,1
119,fragment_1679031113303,1
120,fragment_1679031113326,1
121,fragment_1679031113349,1
122,fragment_1679031113371,1
123,fragment_1679031113394,1
124,fragment_1679031113416,1
125,fragment_1679031113436,1
126,fragment_1679031113457,1
127,fragment_1679031113478,1
128,fragment_1679031113497,1
129,fragment_1679031113517,1
130,fragment_1679031113539,1
131,fragment_1679031113562,1
132,fragment_1679031113585,1
133,fragment_1679031113607,1
134,fragment_1679031113630,1
135,fragment_1679031113650,1
136,fragment_1679031113668,1
137,fragment_1679031113687,1
138,fragment_1679031113708,1
139,fragment_1679031113730,1
140,fragment_1679031113751,1
141,fragment_1679031113773,1
142,fragment_1679031113796,1
143,fragment_1679031115668,1
144,fragment_1679031115689,1
145,fragment_1679031115729,1
146,fragment_1679031115749,1
147,fragment_1679031115769,1
148,fragment_1679031115789,1
149,fragment_1679031115811,1
150,fragment_1679031115834,1
151,fragment_1679031115857,1
152,fragment_1679031115879,1
153,fragment_1679031115902,1
154,fragment_1679031115923,1
155,fragment_1679031115943,1
156,fragment_1679031115963,1
157,fragment_1679031115983,1
158,fragment_1679031116003,1
159,fragment_1679031116025,1
160,fragment_1679031116049,1
161,fragment_1679031116071,1
162,fragment_1679031116094,1
163,fragment_1679031116114,1
164,fragment_1679031116134,1
165,fragment_1679031116152,1
166,fragment_1679031116172,1
167,fragment_1679031116191,1
168,fragment_1679031116210,1
169,fragment_1679031116232,1
170,fragment_1679031116256,1
171,fragment_1679031116279,1
172,fragment_1679031116302,1
173,fragment_1679031116324,1
174,fragment_1679031116346,1
175,fragment_1679031116366,1
176,fragment_1679031116386,1
177,fragment_1679031116406,1
178,fragment_1679031116428,1
179,fragment_1679031116451,1
180,fragment_1679031116475,1
181,fragment_1679031116498,1
182,fragment_1679031116522,1
183,fragment_1679031116544,1
184,fragment_1679031116564,1
185,fragment_1679031116584,1
186,fragment_1679031116604,1
187,fragment_1679031116623,1
188,fragment_1679031116644,1
189,fragment_1679031116667,1
190,fragment_1679031116690,1
191,fragment_1679031116713,1
192,fragment_1679031116734,1
193,fragment_1679031116757,1
194,fragment_1679031116779,1
195,fragment_1679031116800,1
196,fragment_1679031116822,1
197,fragment_1679031116843,1
198,fragment_1679031118698,1
199,fragment_1679031118726,1
200,fragment_1679031118745,1
201,fragment_1679031118763,1
202,fragment_1679031118782,1
203,fragment_1679031118801,1
204,fragment_1679031118822,1
205,fragment_1679031118843,1
206,fragment_1679031118865,1
207,fragment_1679031118886,1
208,fragment_1679031118905,1
209,fragment_1679031118924,1
210,fragment_1679031118944,1
211,fragment_1679031118962,1
212,fragment_1679031118982,1
213,fragment_1679031119001,1
214,fragment_1679031119020,1
215,fragment_1679031119041,1
216,fragment_1679031119061,1
217,fragment_1679031119081,1
218,fragment_1679031119103,1
219,fragment_1679031119122,1
220,fragment_1679031119141,1
221,fragment_1679031119158,1
222,fragment_1679031119176,1
223,fragment_1679031119195,1
224,fragment_1679031119214,1
225,fragment_1679031119234,1
226,fragment_1679031119255,1
227,fragment_1679031119276,1
228,fragment_1679031119296,1
229,fragment_1679031119316,1
230,fragment_1679031119336,1
231,fragment_1679031119354,1
232,fragment_1679031119371,1
233,fragment_1679031119389,1
234,fragment_1679031119407,1
235,fragment_1679031119425,1
236,fragment_1679031119444,1
237,fragment_1679031119465,1
238,fragment_1679031119485,1
239,fragment_1679031119506,1
240,fragment_1679031119527,1
241,fragment_1679031119547,1
242,fragment_1679031119565,1
243,fragment_1679031119584,1
244,fragment_1679031119603,1
245,fragment_1679031119621,1
246,fragment_1679031119640,1
247,fragment_1679031119659,1
248,fragment_1679031119679,1
249,fragment_1679031119701,1
250,fragment_1679031120573,0
251,fragment_1679031120757,0
252,fragment_1679031120867,0
253,fragment_1679031120887,0
254,fragment_1679031120906,0
255,fragment_1679031120925,0
256,fragment_1679031120945,0
257,fragment_1679031120965,0
258,fragment_1679031120987,0
259,fragment_1679031121009,0
260,fragment_1679031121032,0
261,fragment_1679031121054,0
262,fragment_1679031121075,0
263,fragment_1679031121094,0
264,fragment_1679031121112,0
265,fragment_1679031121132,0
266,fragment_1679031121151,0
267,fragment_1679031121189,0
268,fragment_1679031121212,0
269,fragment_1679031121235,0
270,fragment_1679031121256,0
271,fragment_1679031121308,0
272,fragment_1679031121918,0
273,fragment_1679031121939,0
274,fragment_1679031121958,0
275,fragment_1679031121977,0
276,fragment_1679031121996,0
277,fragment_1679031122016,0
278,fragment_1679031122035,0
279,fragment_1679031122055,0
280,fragment_1679031122077,0
281,fragment_1679031122112,0
282,fragment_1679031122136,0
283,fragment_1679031122158,0
284,fragment_1679031122181,0
285,fragment_1679031122200,0
286,fragment_1679031122220,0
287,fragment_1679031122240,0
288,fragment_1679031122259,0
289,fragment_1679031122278,0
290,fragment_1679031123150,0
291,fragment_1679031123173,0
292,fragment_1679031123192,0
293,fragment_1679031123210,0
294,fragment_1679031123229,0
295,fragment_1679031123247,0
296,fragment_1679031123265,0
297,fragment_1679031123282,0
298,fragment_1679031123301,0
299,fragment_1679031123319,0
300,fragment_1679031123338,0
301,fragment_1679031123359,0
302,fragment_1679031123379,0
303,fragment_1679031123400,0
304,fragment_1679031123423,0
305,fragment_1679031123447,0
306,fragment_1679031123466,0
307,fragment_1679031123484,0
308,fragment_1679031123502,0
309,fragment_1679031123521,0
310,fragment_1679031123538,0
311,fragment_1679031123559,0
312,fragment_1679031123579,0
313,fragment_1679031123601,0
314,fragment_1679031123624,0
315,fragment_1679031123645,0
316,fragment_1679031124727,0
317,fragment_1679031124901,0
318,fragment_1679031125077,0
319,fragment_1679031125131,0
320,fragment_1679031125151,0
321,fragment_1679031125170,0
322,fragment_1679031125188,0
323,fragment_1679031125208,0
324,fragment_1679031125227,0
325,fragment_1679031125246,0
326,fragment_1679031125264,0
327,fragment_1679031125283,0
328,fragment_1679031125300,0
329,fragment_1679031125320,0
330,fragment_1679031125338,0
331,fragment_1679031125359,0
332,fragment_1679031125401,0
333,fragment_1679031125422,0
334,fragment_1679031125446,0
335,fragment_1679031125465,0
336,fragment_1679031125485,0
337,fragment_1679031125503,0
338,fragment_1679031125522,0
339,fragment_1679031125542,0
340,fragment_1679031125561,0
341,fragment_1679031125582,0
342,fragment_1679031125603,0
343,fragment_1679031125623,0
344,fragment_1679031125642,0
345,fragment_1679031125660,0
346,fragment_1679031125678,0
347,fragment_1679031125697,0
348,fragment_1679031126984,0
349,fragment_1679031127009,0
350,fragment_1679031127030,0
351,fragment_1679031127051,0
352,fragment_1679031127072,0
353,fragment_1679031127093,0
354,fragment_1679031127114,0
355,fragment_1679031127137,0
356,fragment_1679031127159,0
357,fragment_1679031127183,0
358,fragment_1679031127206,0
359,fragment_1679031127229,0
360,fragment_1679031127252,0
361,fragment_1679031127273,0
362,fragment_1679031127302,0
363,fragment_1679031127322,0
364,fragment_1679031127345,0
365,fragment_1679031127369,0
366,fragment_1679031127394,0
367,fragment_1679031127416,0
368,fragment_1679031127438,0
369,fragment_1679031127459,0
370,fragment_1679031127480,0
371,fragment_1679031127502,0
372,fragment_1679031127522,0
373,fragment_1679031127543,0
374,fragment_1679031127564,0
375,fragment_1679031127585,0
376,fragment_1679031127606,0
377,fragment_1679031127628,0
378,fragment_1679031127651,0
379,fragment_1679031127672,0
380,fragment_1679031127694,0
381,fragment_1679031127713,0
382,fragment_1679031127732,0
383,fragment_1679031127753,0
384,fragment_1679031127775,0
385,fragment_1679031130107,0
386,fragment_1679031130133,0
387,fragment_1679031130155,0
388,fragment_1679031130177,0
389,fragment_1679031130198,0
390,fragment_1679031130220,0
391,fragment_1679031130243,0
392,fragment_1679031130267,0
393,fragment_1679031130291,0
394,fragment_1679031130315,0
395,fragment_1679031130351,0
396,fragment_1679031130370,0
397,fragment_1679031130389,0
398,fragment_1679031130408,0
399,fragment_1679031130429,0
400,fragment_1679031130450,0
401,fragment_1679031130470,0
402,fragment_1679031130491,0
403,fragment_1679031130511,0
404,fragment_1679031130531,0
405,fragment_1679031130549,0
406,fragment_1679031130568,0
407,fragment_1679031130585,0
408,fragment_1679031130603,0
409,fragment_1679031130621,0
410,fragment_1679031130639,0
411,fragment_1679031130671,0
412,fragment_1679031130693,0
413,fragment_1679031130716,0
414,fragment_1679031130739,0
415,fragment_1679031130761,0
416,fragment_1679031130790,0
417,fragment_1679031130811,0
418,fragment_1679031130832,0
419,fragment_1679031130851,0
420,fragment_1679031130872,0
421,fragment_1679031130893,0
422,fragment_1679031130915,0
423,fragment_1679031130937,0
424,fragment_1679031130958,0
425,fragment_1679031130976,0
426,fragment_1679031130995,0
427,fragment_1679031131013,0
428,fragment_1679031131030,0
429,fragment_1679031131049,0
430,fragment_1679031131070,0
431,fragment_1679031131091,0
432,fragment_1679031131112,0
433,fragment_1679031131133,0
434,fragment_1679031131155,0
435,fragment_1679031131272,0
436,fragment_1679031131454,0
437,fragment_1679031131636,0
438,fragment_1679031131754,0
439,fragment_1679031131772,0
440,fragment_1679031131801,0
441,fragment_1679031131827,0
442,fragment_1679031131857,0
443,fragment_1679031131886,0
444,fragment_1679031131913,0
445,fragment_1679031131941,0
446,fragment_1679031131966,0
447,fragment_1679031131990,0
448,fragment_1679031132015,0
449,fragment_1679031132037,0
450,fragment_1679031132061,0
